route_id,place_id,traveler_id,score,updated_at
route-01,american-clock-watch-museum,gora,3,2026-09-02 20:35:02.603+00
route-01,american-clock-watch-museum,sheluvspaco,5,2026-09-02 20:35:02.603+00
route-01,american-clock-watch-museum,stivka,3,2026-09-02 20:35:02.603+00
route-01,american-clock-watch-museum,viki,2,2026-09-02 20:35:02.603+00
route-01,avam,gora,2,2026-09-02 21:43:20.686+00
route-01,avam,sheluvspaco,1,2026-09-02 21:43:17.453+00
route-01,avam,stivka,1,2026-09-02 21:43:21.903+00
route-01,avam,viki,3,2026-09-02 21:43:18.756+00
route-01,baps-akshardham,gora,5,2026-09-02 21:26:40.876+00
route-01,baps-akshardham,sheluvspaco,5,2026-09-02 21:25:51.043+00
route-01,baps-akshardham,stivka,3,2026-09-02 21:26:38.162+00
route-01,baps-akshardham,viki,5,2026-09-02 21:36:50.379+00
route-01,beat-the-bomb-brooklyn,gora,2,2026-09-02 21:21:19.676+00
route-01,beat-the-bomb-brooklyn,sheluvspaco,5,2026-09-02 21:21:11.941+00
route-01,beat-the-bomb-brooklyn,stivka,3,2026-09-02 21:21:20.576+00
route-01,beat-the-bomb-brooklyn,viki,5,2026-09-02 21:21:14.191+00
route-01,beinecke-library,gora,5,2026-09-02 20:35:02.603+00
route-01,beinecke-library,sheluvspaco,5,2026-09-02 20:35:02.603+00
route-01,beinecke-library,stivka,5,2026-09-02 20:35:02.603+00
route-01,beinecke-library,viki,5,2026-09-02 20:35:02.603+00
route-01,benefit-street,gora,3,2026-09-02 20:35:02.603+00
route-01,benefit-street,sheluvspaco,4,2026-09-02 20:35:02.603+00
route-01,benefit-street,stivka,1,2026-09-02 20:35:02.603+00
route-01,benefit-street,viki,1,2026-09-02 20:35:02.603+00
route-01,boda-borg-boston,gora,2,2026-09-02 22:01:18.872+00
route-01,boda-borg-boston,sheluvspaco,5,2026-09-02 22:01:15.205+00
route-01,boda-borg-boston,stivka,3,2026-09-02 22:01:24.705+00
route-01,boda-borg-boston,viki,4,2026-09-02 22:01:15.905+00
route-01,carousel-museum,gora,2,2026-09-02 20:35:02.603+00
route-01,carousel-museum,sheluvspaco,4,2026-09-02 20:35:02.603+00
route-01,carousel-museum,stivka,1,2026-09-02 20:35:02.603+00
route-01,carousel-museum,viki,4,2026-09-02 20:35:02.603+00
route-01,carroll-creek,gora,4,2026-09-02 20:35:02.603+00
route-01,carroll-creek,sheluvspaco,4,2026-09-02 20:35:02.603+00
route-01,carroll-creek,stivka,4,2026-09-02 20:35:02.603+00
route-01,carroll-creek,viki,4,2026-09-02 20:35:02.603+00
route-01,castle-hill-lighthouse,gora,2,2026-09-02 21:02:03.71+00
route-01,castle-hill-lighthouse,sheluvspaco,3,2026-09-02 20:35:02.603+00
route-01,castle-hill-lighthouse,stivka,2,2026-09-02 20:35:02.603+00
route-01,castle-hill-lighthouse,viki,3,2026-09-02 21:02:02.692+00
route-01,central-park-bike-loop,gora,5,2026-09-02 21:17:15.724+00
route-01,central-park-bike-loop,sheluvspaco,4,2026-09-02 21:17:11.56+00
route-01,central-park-bike-loop,stivka,5,2026-09-02 21:17:17.023+00
route-01,central-park-bike-loop,viki,5,2026-09-02 21:17:13.79+00
route-01,cliff-walk,gora,3,2026-09-02 20:35:02.603+00
route-01,cliff-walk,sheluvspaco,4,2026-09-02 21:02:38.944+00
route-01,cliff-walk,stivka,3,2026-09-02 20:35:02.603+00
route-01,cliff-walk,viki,1,2026-09-02 20:35:02.603+00
route-01,cunningham-falls,gora,4,2026-09-02 21:45:17.772+00
route-01,cunningham-falls,sheluvspaco,4,2026-09-02 21:44:58.753+00
route-01,cunningham-falls,stivka,5,2026-09-02 21:45:26.12+00
route-01,cunningham-falls,viki,5,2026-09-02 21:45:08.427+00
route-01,dumbarton-oaks,gora,2,2026-09-02 20:35:02.603+00
route-01,dumbarton-oaks,sheluvspaco,1,2026-09-02 20:35:02.603+00
route-01,dumbarton-oaks,stivka,1,2026-09-02 20:35:02.603+00
route-01,dumbarton-oaks,viki,3,2026-09-02 20:35:02.603+00
route-01,dumbo-brooklyn-bridge-park,gora,5,2026-09-02 20:35:02.603+00
route-01,dumbo-brooklyn-bridge-park,sheluvspaco,4,2026-09-02 20:35:02.603+00
route-01,dumbo-brooklyn-bridge-park,stivka,5,2026-09-02 20:35:02.603+00
route-01,dumbo-brooklyn-bridge-park,viki,5,2026-09-02 20:35:02.603+00
route-01,eastern-state,gora,5,2026-09-02 20:35:02.603+00
route-01,eastern-state,sheluvspaco,5,2026-09-02 21:37:37.065+00
route-01,eastern-state,stivka,2,2026-09-02 20:35:02.603+00
route-01,eastern-state,viki,2,2026-09-02 20:35:02.603+00
route-01,easton-centre-square,gora,2,2026-09-02 20:35:02.603+00
route-01,easton-centre-square,sheluvspaco,3,2026-09-02 20:35:02.603+00
route-01,easton-centre-square,stivka,2,2026-09-02 20:35:02.603+00
route-01,easton-centre-square,viki,1,2026-09-02 20:35:02.603+00
route-01,elfreths-alley,gora,4,2026-09-02 20:35:02.603+00
route-01,elfreths-alley,sheluvspaco,4,2026-09-02 20:35:02.603+00
route-01,elfreths-alley,stivka,4,2026-09-02 20:35:02.603+00
route-01,elfreths-alley,viki,4,2026-09-02 20:35:02.603+00
route-01,fillmore-philadelphia,gora,1,2026-09-02 20:35:02.603+00
route-01,fillmore-philadelphia,sheluvspaco,3,2026-09-02 20:35:02.603+00
route-01,fillmore-philadelphia,stivka,3,2026-09-02 20:35:02.603+00
route-01,fillmore-philadelphia,viki,1,2026-09-02 20:35:02.603+00
route-01,four-freedoms-park,gora,3,2026-09-02 21:20:28.962+00
route-01,four-freedoms-park,sheluvspaco,4,2026-09-02 21:19:49.344+00
route-01,four-freedoms-park,stivka,3,2026-09-02 21:20:30.545+00
route-01,four-freedoms-park,viki,1,2026-09-02 21:20:26.61+00
route-01,gettysburg-battlefield,gora,1,2026-09-02 20:35:02.603+00
route-01,gettysburg-battlefield,sheluvspaco,2,2026-09-02 20:35:02.603+00
route-01,gettysburg-battlefield,stivka,1,2026-09-02 20:35:02.603+00
route-01,gettysburg-battlefield,viki,1,2026-09-02 20:35:02.603+00
route-01,grounds-for-sculpture,gora,3,2026-09-02 20:35:02.603+00
route-01,grounds-for-sculpture,sheluvspaco,4,2026-09-02 20:35:02.603+00
route-01,grounds-for-sculpture,stivka,3,2026-09-02 20:35:02.603+00
route-01,grounds-for-sculpture,viki,4,2026-09-02 20:35:02.603+00
route-01,hawk-mountain-north-lookout,gora,4,2026-09-02 21:47:13.905+00
route-01,hawk-mountain-north-lookout,sheluvspaco,4,2026-09-02 21:46:59.141+00
route-01,hawk-mountain-north-lookout,stivka,4,2026-09-02 21:47:16.438+00
route-01,hawk-mountain-north-lookout,viki,5,2026-09-02 21:47:11.587+00
route-01,high-line-hudson-yards,gora,4,2026-09-02 21:16:12.292+00
route-01,high-line-hudson-yards,sheluvspaco,5,2026-09-02 21:13:57.622+00
route-01,high-line-hudson-yards,stivka,5,2026-09-02 21:16:14.657+00
route-01,high-line-hudson-yards,viki,4,2026-09-02 21:14:00.958+00
route-01,historic-bethlehem,gora,4,2026-09-02 20:35:02.603+00
route-01,historic-bethlehem,sheluvspaco,3,2026-09-02 20:35:02.603+00
route-01,historic-bethlehem,stivka,3,2026-09-02 20:35:02.603+00
route-01,historic-bethlehem,viki,2,2026-09-02 20:35:02.603+00
route-01,ifly-baltimore,gora,2,2026-09-02 21:42:33.189+00
route-01,ifly-baltimore,sheluvspaco,2,2026-09-02 21:40:35.182+00
route-01,ifly-baltimore,stivka,1,2026-09-02 21:41:38.071+00
route-01,ifly-baltimore,viki,1,2026-09-02 21:40:39.5+00
route-01,it-adventure-ropes,gora,4,2026-09-02 21:08:00.628+00
route-01,it-adventure-ropes,sheluvspaco,4,2026-09-02 21:07:11.794+00
route-01,it-adventure-ropes,stivka,4,2026-09-02 21:08:04.027+00
route-01,it-adventure-ropes,viki,4,2026-09-02 21:07:17.328+00
route-01,lehigh-valley-grand-prix,gora,3,2026-09-02 21:51:33.923+00
route-01,lehigh-valley-grand-prix,sheluvspaco,3,2026-09-02 21:51:10.024+00
route-01,lehigh-valley-grand-prix,viki,4,2026-09-02 21:50:57.273+00
route-01,level99-providence,gora,4,2026-09-02 20:59:33.641+00
route-01,level99-providence,sheluvspaco,3,2026-09-02 20:58:32.139+00
route-01,level99-providence,stivka,5,2026-09-02 20:59:35.592+00
route-01,level99-providence,viki,5,2026-09-02 20:58:40.939+00
route-01,lincoln-memorial,gora,4,2026-09-02 21:43:38.955+00
route-01,lincoln-memorial,sheluvspaco,4,2026-09-02 20:35:02.603+00
route-01,lincoln-memorial,stivka,3,2026-09-02 20:35:02.603+00
route-01,lincoln-memorial,viki,4,2026-09-02 20:35:02.603+00
route-01,lost-river-caverns,gora,2,2026-09-02 20:35:02.603+00
route-01,lost-river-caverns,sheluvspaco,4,2026-09-02 20:35:02.603+00
route-01,lost-river-caverns,stivka,2,2026-09-02 20:35:02.603+00
route-01,lost-river-caverns,viki,4,2026-09-02 20:35:02.603+00
route-01,magic-gardens,gora,2,2026-09-02 20:35:02.603+00
route-01,magic-gardens,sheluvspaco,4,2026-09-02 20:35:02.603+00
route-01,magic-gardens,stivka,3,2026-09-02 20:35:02.603+00
route-01,magic-gardens,viki,4,2026-09-02 20:35:02.603+00
route-01,ministry-of-awe,gora,4,2026-09-02 21:40:07.763+00
route-01,ministry-of-awe,sheluvspaco,5,2026-09-02 21:40:00.996+00
route-01,ministry-of-awe,stivka,4,2026-09-02 21:40:08.93+00
route-01,ministry-of-awe,viki,4,2026-09-02 21:40:03.013+00
route-01,morven-museum,gora,1,2026-09-02 20:35:02.603+00
route-01,morven-museum,sheluvspaco,1,2026-09-02 20:35:02.603+00
route-01,morven-museum,stivka,1,2026-09-02 20:35:02.603+00
route-01,morven-museum,viki,1,2026-09-02 20:35:02.603+00
route-01,museum-eldridge-street,gora,1,2026-09-02 20:35:02.603+00
route-01,museum-eldridge-street,sheluvspaco,3,2026-09-02 20:35:02.603+00
route-01,museum-eldridge-street,stivka,1,2026-09-02 20:35:02.603+00
route-01,museum-eldridge-street,viki,4,2026-09-02 20:35:02.603+00
route-01,mystic-seaport,gora,4,2026-09-02 20:35:02.603+00
route-01,mystic-seaport,sheluvspaco,5,2026-09-02 20:35:02.603+00
route-01,mystic-seaport,stivka,2,2026-09-02 20:35:02.603+00
route-01,mystic-seaport,viki,1,2026-09-02 20:35:02.603+00
route-01,napatree-point,gora,2,2026-09-02 21:05:29.942+00
route-01,napatree-point,sheluvspaco,3,2026-09-02 21:05:24.745+00
route-01,napatree-point,stivka,2,2026-09-02 21:05:31.078+00
route-01,napatree-point,viki,2,2026-09-02 21:05:29.193+00
route-01,national-building-museum,gora,4,2026-09-02 20:35:02.603+00
route-01,national-building-museum,sheluvspaco,2,2026-09-02 20:35:02.603+00
route-01,national-building-museum,stivka,2,2026-09-02 20:35:02.603+00
route-01,national-building-museum,viki,3,2026-09-02 20:35:02.603+00
route-01,newport-car-museum,gora,4,2026-09-02 20:35:02.603+00
route-01,newport-car-museum,sheluvspaco,5,2026-09-02 20:35:02.603+00
route-01,newport-car-museum,stivka,5,2026-09-02 21:03:57.358+00
route-01,newport-car-museum,viki,3,2026-09-02 20:35:02.603+00
route-01,nj-atv-rentals,gora,1,2026-09-02 21:23:12.076+00
route-01,nj-atv-rentals,sheluvspaco,4,2026-09-02 21:23:09.258+00
route-01,nj-atv-rentals,stivka,1,2026-09-02 21:23:10.909+00
route-01,nj-atv-rentals,viki,1,2026-09-02 21:23:14.745+00
route-01,o-street-museum,gora,5,2026-09-02 20:35:02.603+00
route-01,o-street-museum,sheluvspaco,5,2026-09-02 20:35:02.603+00
route-01,o-street-museum,stivka,5,2026-09-02 20:35:02.603+00
route-01,o-street-museum,viki,4,2026-09-02 20:35:02.603+00
route-01,oculus,gora,1,2026-09-02 20:35:02.603+00
route-01,oculus,sheluvspaco,2,2026-09-02 20:35:02.603+00
route-01,oculus,stivka,1,2026-09-02 20:35:02.603+00
route-01,oculus,viki,3,2026-09-02 20:35:02.603+00
route-01,old-sturbridge-village,gora,5,2026-09-02 20:35:02.603+00
route-01,old-sturbridge-village,sheluvspaco,5,2026-09-02 20:35:02.603+00
route-01,old-sturbridge-village,stivka,5,2026-09-02 20:35:02.603+00
route-01,old-sturbridge-village,viki,4,2026-09-02 20:35:02.603+00
route-01,palisades-center,gora,3,2026-09-02 21:59:33.342+00
route-01,palisades-center,sheluvspaco,2,2026-09-02 21:59:24.805+00
route-01,palisades-center,stivka,3,2026-09-02 21:59:34.205+00
route-01,palisades-center,viki,5,2026-09-02 21:59:26.305+00
route-01,paterson-great-falls,gora,5,2026-09-02 20:35:02.603+00
route-01,paterson-great-falls,sheluvspaco,4,2026-09-02 20:35:02.603+00
route-01,paterson-great-falls,stivka,3,2026-09-02 20:35:02.603+00
route-01,paterson-great-falls,viki,5,2026-09-02 20:35:02.603+00
route-01,princeton-art-museum,gora,1,2026-09-02 20:35:02.603+00
route-01,princeton-art-museum,sheluvspaco,3,2026-09-02 20:35:02.603+00
route-01,princeton-art-museum,stivka,2,2026-09-02 20:35:02.603+00
route-01,princeton-art-museum,viki,4,2026-09-02 20:35:02.603+00
route-01,princeton-chapel,gora,3,2026-09-02 20:35:02.603+00
route-01,princeton-chapel,sheluvspaco,5,2026-09-02 20:35:02.603+00
route-01,princeton-chapel,stivka,5,2026-09-02 20:35:02.603+00
route-01,princeton-chapel,viki,4,2026-09-02 20:35:02.603+00
route-01,purgatory-chasm,gora,3,2026-09-02 22:02:13.891+00
route-01,purgatory-chasm,sheluvspaco,4,2026-09-02 22:02:03.459+00
route-01,purgatory-chasm,stivka,3,2026-09-02 22:02:15.208+00
route-01,purgatory-chasm,viki,3,2026-09-02 22:02:05.808+00
route-01,ramapo-valley-reservation,gora,5,2026-09-02 20:35:02.603+00
route-01,ramapo-valley-reservation,sheluvspaco,3,2026-09-02 20:35:02.603+00
route-01,ramapo-valley-reservation,stivka,5,2026-09-02 20:35:02.603+00
route-01,ramapo-valley-reservation,viki,5,2026-09-02 20:35:02.603+00
route-01,reading-terminal-market,gora,2,2026-09-02 20:35:02.603+00
route-01,reading-terminal-market,sheluvspaco,1,2026-09-02 20:35:02.603+00
route-01,reading-terminal-market,stivka,1,2026-09-02 20:35:02.603+00
route-01,reading-terminal-market,viki,2,2026-09-02 20:35:02.603+00
route-01,risd-museum,gora,2,2026-09-02 20:35:02.603+00
route-01,risd-museum,sheluvspaco,3,2026-09-02 20:35:02.603+00
route-01,risd-museum,stivka,2,2026-09-02 20:35:02.603+00
route-01,risd-museum,viki,2,2026-09-02 20:35:02.603+00
route-01,roosevelt-island-tram,gora,4,2026-09-02 21:18:20.907+00
route-01,roosevelt-island-tram,sheluvspaco,3,2026-09-02 20:35:02.603+00
route-01,roosevelt-island-tram,stivka,1,2026-09-02 20:35:02.603+00
route-01,roosevelt-island-tram,viki,1,2026-09-02 20:35:02.603+00
route-01,sachs-covered-bridge,gora,2,2026-09-02 21:46:21.105+00
route-01,sachs-covered-bridge,sheluvspaco,2,2026-09-02 21:46:12.137+00
route-01,sachs-covered-bridge,stivka,1,2026-09-02 21:46:22.536+00
route-01,sachs-covered-bridge,viki,1,2026-09-02 21:46:09.52+00
route-01,saint-vitus,gora,1,2026-09-02 20:35:02.603+00
route-01,saint-vitus,sheluvspaco,1,2026-09-02 20:35:02.603+00
route-01,saint-vitus,stivka,1,2026-09-02 20:35:02.603+00
route-01,saint-vitus,viki,1,2026-09-02 20:35:02.603+00
route-01,snallygaster,gora,4,2026-09-02 20:35:02.603+00
route-01,snallygaster,sheluvspaco,3,2026-09-02 20:35:02.603+00
route-01,snallygaster,stivka,4,2026-09-02 20:35:02.603+00
route-01,snallygaster,viki,3,2026-09-02 20:35:02.603+00
route-01,st-nicholas-cathedral-dc,gora,5,2026-09-02 20:35:02.603+00
route-01,st-nicholas-cathedral-dc,sheluvspaco,5,2026-09-02 20:35:02.603+00
route-01,st-nicholas-cathedral-dc,stivka,5,2026-09-02 20:35:02.603+00
route-01,st-nicholas-cathedral-dc,viki,3,2026-09-02 20:35:02.603+00
route-01,st-nicholas-wtc,gora,5,2026-09-02 20:35:02.603+00
route-01,st-nicholas-wtc,sheluvspaco,5,2026-09-02 20:35:02.603+00
route-01,st-nicholas-wtc,stivka,5,2026-09-02 20:35:02.603+00
route-01,st-nicholas-wtc,viki,2,2026-09-02 20:35:02.603+00
route-01,steelstacks,gora,4,2026-09-02 20:35:02.603+00
route-01,steelstacks,sheluvspaco,5,2026-09-02 20:35:02.603+00
route-01,steelstacks,stivka,1,2026-09-02 20:35:02.603+00
route-01,steelstacks,viki,1,2026-09-02 20:35:02.603+00
route-01,submarine-force-museum,gora,4,2026-09-02 21:08:37.508+00
route-01,submarine-force-museum,sheluvspaco,4,2026-09-02 20:35:02.603+00
route-01,submarine-force-museum,stivka,1,2026-09-02 20:35:02.603+00
route-01,submarine-force-museum,viki,1,2026-09-02 20:35:02.603+00
route-01,tenement-museum,gora,1,2026-09-02 20:35:02.603+00
route-01,tenement-museum,sheluvspaco,1,2026-09-02 20:35:02.603+00
route-01,tenement-museum,stivka,1,2026-09-02 20:35:02.603+00
route-01,tenement-museum,viki,2,2026-09-02 20:35:02.603+00
route-01,the-breakers,gora,5,2026-09-02 20:35:02.603+00
route-01,the-breakers,sheluvspaco,4,2026-09-02 20:35:02.603+00
route-01,the-breakers,stivka,5,2026-09-02 20:35:02.603+00
route-01,the-breakers,viki,5,2026-09-02 20:35:02.603+00
route-01,treetop-quest-philly,gora,4,2026-09-02 21:39:06.616+00
route-01,treetop-quest-philly,sheluvspaco,3,2026-09-02 21:38:54.863+00
route-01,treetop-quest-philly,stivka,3,2026-09-02 21:39:07.532+00
route-01,treetop-quest-philly,viki,4,2026-09-02 21:39:00.816+00
route-01,untermyer-gardens,gora,5,2026-09-02 20:35:02.603+00
route-01,untermyer-gardens,sheluvspaco,4,2026-09-02 20:35:02.603+00
route-01,untermyer-gardens,stivka,4,2026-09-02 20:35:02.603+00
route-01,untermyer-gardens,viki,4,2026-09-02 20:35:02.603+00
route-01,vessel-hudson-yards,gora,3,2026-09-02 21:13:07.641+00
route-01,vessel-hudson-yards,sheluvspaco,3,2026-09-02 21:13:03.359+00
route-01,vessel-hudson-yards,stivka,4,2026-09-02 21:13:10.007+00
route-01,vessel-hudson-yards,viki,4,2026-09-02 21:13:05.457+00
route-01,wagner-free-institute,gora,1,2026-09-02 20:35:02.603+00
route-01,wagner-free-institute,sheluvspaco,4,2026-09-02 20:35:02.603+00
route-01,wagner-free-institute,stivka,1,2026-09-02 20:35:02.603+00
route-01,wagner-free-institute,viki,3,2026-09-02 20:35:02.603+00
route-01,watch-hill,gora,1,2026-09-02 20:35:02.603+00
route-01,watch-hill,sheluvspaco,3,2026-09-02 20:35:02.603+00
route-01,watch-hill,stivka,1,2026-09-02 20:35:02.603+00
route-01,watch-hill,viki,1,2026-09-02 20:35:02.603+00
route-01,woodbury-common,gora,4,2026-09-02 20:35:02.603+00
route-01,woodbury-common,sheluvspaco,3,2026-09-02 20:35:02.603+00
route-01,woodbury-common,stivka,5,2026-09-02 20:35:02.603+00
route-01,woodbury-common,viki,5,2026-09-02 20:35:02.603+00
route-01,wooster-square,gora,2,2026-09-02 20:35:02.603+00
route-01,wooster-square,sheluvspaco,3,2026-09-02 20:35:02.603+00
route-01,wooster-square,stivka,3,2026-09-02 20:35:02.603+00
route-01,wooster-square,viki,2,2026-09-02 20:35:02.603+00
route-02,albany-pine-bush,gora,1,2026-09-02 23:01:28.425+00
route-02,albany-pine-bush,sheluvspaco,1,2026-09-02 23:01:25.241+00
route-02,albany-pine-bush,stivka,1,2026-09-02 23:01:29.706+00
route-02,albany-pine-bush,viki,1,2026-09-02 23:01:27.042+00
route-02,annunciation-buffalo,gora,5,2026-09-02 22:47:59.46+00
route-02,annunciation-buffalo,sheluvspaco,4,2026-09-02 22:47:54.512+00
route-02,annunciation-buffalo,stivka,5,2026-09-02 22:48:00.343+00
route-02,annunciation-buffalo,viki,1,2026-09-02 22:47:57.143+00
route-02,armory-square,gora,4,2026-09-02 22:58:40.904+00
route-02,armory-square,sheluvspaco,3,2026-09-02 22:58:36.557+00
route-02,armory-square,stivka,1,2026-09-02 22:58:41.821+00
route-02,armory-square,viki,1,2026-09-02 22:58:37.939+00
route-02,artisanworks,gora,1,2026-09-02 22:39:28.559+00
route-02,artisanworks,sheluvspaco,1,2026-09-02 22:39:24.373+00
route-02,artisanworks,stivka,1,2026-09-02 22:39:26.173+00
route-02,artisanworks,viki,1,2026-09-02 22:39:27.573+00
route-02,balloons-over-letchworth,gora,1,2026-09-02 22:42:40.258+00
route-02,balloons-over-letchworth,sheluvspaco,1,2026-09-02 22:42:38.291+00
route-02,balloons-over-letchworth,stivka,1,2026-09-02 22:42:39.675+00
route-02,balloons-over-letchworth,viki,1,2026-09-02 22:42:40.891+00
route-02,brewery-ommegang,gora,1,2026-09-02 22:26:42.197+00
route-02,brewery-ommegang,sheluvspaco,2,2026-09-02 22:26:45.115+00
route-02,brewery-ommegang,stivka,1,2026-09-02 22:26:40.73+00
route-02,brewery-ommegang,viki,1,2026-09-02 22:26:43.999+00
route-02,buffalo-canalside,gora,3,2026-09-02 22:46:20.811+00
route-02,buffalo-canalside,sheluvspaco,3,2026-09-02 22:46:18.026+00
route-02,buffalo-canalside,stivka,3,2026-09-02 22:46:27.812+00
route-02,buffalo-canalside,viki,3,2026-09-02 22:46:19.813+00
route-02,cardiff-giant,gora,1,2026-09-02 22:28:53.528+00
route-02,cardiff-giant,sheluvspaco,1,2026-09-02 22:28:52.461+00
route-02,cardiff-giant,stivka,1,2026-09-02 22:28:54.261+00
route-02,cardiff-giant,viki,1,2026-09-02 22:28:55.444+00
route-02,cave-of-the-winds,gora,3,2026-09-02 22:52:41.736+00
route-02,cave-of-the-winds,sheluvspaco,3,2026-09-02 22:52:38.8+00
route-02,cave-of-the-winds,stivka,4,2026-09-02 22:52:42.819+00
route-02,cave-of-the-winds,viki,5,2026-09-02 22:52:39.552+00
route-02,cayuga-fall-eco-cruise,gora,2,2026-09-02 22:28:08.714+00
route-02,cayuga-fall-eco-cruise,sheluvspaco,3,2026-09-02 22:28:03.062+00
route-02,cayuga-fall-eco-cruise,stivka,2,2026-09-02 22:28:10.194+00
route-02,cayuga-fall-eco-cruise,viki,3,2026-09-02 22:28:06.495+00
route-02,clark-art-institute,gora,1,2026-09-02 22:18:08.315+00
route-02,clark-art-institute,sheluvspaco,1,2026-09-02 22:18:06.046+00
route-02,clark-art-institute,stivka,1,2026-09-02 22:18:09.264+00
route-02,clark-art-institute,viki,1,2026-09-02 22:18:09.883+00
route-02,congress-park,gora,1,2026-09-02 22:17:54.979+00
route-02,congress-park,sheluvspaco,1,2026-09-02 22:17:49.913+00
route-02,congress-park,stivka,1,2026-09-02 22:17:55.479+00
route-02,congress-park,viki,1,2026-09-02 22:17:54.232+00
route-02,cooperstown-lakefront,gora,3,2026-09-02 22:22:28.312+00
route-02,cooperstown-lakefront,sheluvspaco,4,2026-09-02 22:19:51.529+00
route-02,cooperstown-lakefront,stivka,4,2026-09-02 22:22:27.48+00
route-02,cooperstown-lakefront,viki,3,2026-09-02 22:19:58.916+00
route-02,cornell-botanic-gardens,gora,3,2026-09-02 22:30:26.722+00
route-02,cornell-botanic-gardens,sheluvspaco,1,2026-09-02 22:30:25.121+00
route-02,cornell-botanic-gardens,stivka,1,2026-09-02 22:30:32.204+00
route-02,cornell-botanic-gardens,viki,1,2026-09-02 22:30:25.888+00
route-02,corning-museum-of-glass,gora,3,2026-09-02 22:34:11.989+00
route-02,corning-museum-of-glass,sheluvspaco,3,2026-09-02 22:34:12.871+00
route-02,corning-museum-of-glass,stivka,2,2026-09-02 22:34:09.074+00
route-02,corning-museum-of-glass,viki,4,2026-09-02 22:34:08.007+00
route-02,elmwood-essex-music-night,gora,1,2026-09-02 22:47:02.826+00
route-02,elmwood-essex-music-night,sheluvspaco,1,2026-09-02 22:47:01.41+00
route-02,elmwood-essex-music-night,stivka,1,2026-09-02 22:47:03.461+00
route-02,elmwood-essex-music-night,viki,1,2026-09-02 22:47:02.209+00
route-02,empire-state-carousel,gora,1,2026-09-02 22:29:23.011+00
route-02,empire-state-carousel,sheluvspaco,1,2026-09-02 22:29:21.713+00
route-02,empire-state-carousel,stivka,1,2026-09-02 22:29:23.728+00
route-02,empire-state-carousel,viki,1,2026-09-02 22:29:22.278+00
route-02,eternal-flame-falls,gora,1,2026-09-02 22:47:26.478+00
route-02,eternal-flame-falls,sheluvspaco,2,2026-09-02 22:47:23.893+00
route-02,eternal-flame-falls,stivka,1,2026-09-02 22:47:28.826+00
route-02,eternal-flame-falls,viki,2,2026-09-02 22:47:28.013+00
route-02,fashion-outlets-niagara,gora,3,2026-09-02 22:45:03.042+00
route-02,fashion-outlets-niagara,sheluvspaco,3,2026-09-02 22:44:37.492+00
route-02,fashion-outlets-niagara,stivka,3,2026-09-02 22:44:41.094+00
route-02,fashion-outlets-niagara,viki,2,2026-09-02 22:44:42.494+00
route-02,fly-creek-cider-mill,gora,1,2026-09-02 22:31:07.654+00
route-02,fly-creek-cider-mill,sheluvspaco,1,2026-09-02 22:31:03.972+00
route-02,fly-creek-cider-mill,stivka,1,2026-09-02 22:31:02.303+00
route-02,fly-creek-cider-mill,viki,1,2026-09-02 22:31:03.087+00
route-02,forest-lawn-blue-sky,gora,1,2026-09-02 22:59:31.638+00
route-02,forest-lawn-blue-sky,sheluvspaco,1,2026-09-02 22:59:30.223+00
route-02,forest-lawn-blue-sky,stivka,1,2026-09-02 22:59:32.254+00
route-02,forest-lawn-blue-sky,viki,1,2026-09-02 22:59:30.854+00
route-02,goat-island-illumination,gora,2,2026-09-02 22:53:15.669+00
route-02,goat-island-illumination,sheluvspaco,4,2026-09-02 22:53:13.418+00
route-02,goat-island-illumination,stivka,4,2026-09-02 22:53:16.85+00
route-02,goat-island-illumination,viki,5,2026-09-02 22:53:14.136+00
route-02,grafton-peace-pagoda,gora,2,2026-09-02 22:11:49.626+00
route-02,grafton-peace-pagoda,sheluvspaco,3,2026-09-02 22:11:45.926+00
route-02,grafton-peace-pagoda,stivka,1,2026-09-02 22:11:48.557+00
route-02,grafton-peace-pagoda,viki,3,2026-09-02 22:11:47.39+00
route-02,house-of-guitars,gora,1,2026-09-02 22:36:21.206+00
route-02,house-of-guitars,sheluvspaco,2,2026-09-02 22:36:23.939+00
route-02,house-of-guitars,stivka,1,2026-09-02 22:36:22.406+00
route-02,house-of-guitars,viki,1,2026-09-02 22:36:23.122+00
route-02,howe-caverns,gora,3,2026-09-02 22:25:12.445+00
route-02,howe-caverns,sheluvspaco,2,2026-09-02 22:25:04.645+00
route-02,howe-caverns,stivka,1,2026-09-02 22:25:11.064+00
route-02,howe-caverns,viki,4,2026-09-02 22:25:08.499+00
route-02,iroquois-museum,gora,2,2026-09-02 22:26:02.531+00
route-02,iroquois-museum,sheluvspaco,2,2026-09-02 22:25:56.147+00
route-02,iroquois-museum,stivka,2,2026-09-02 22:26:01.863+00
route-02,iroquois-museum,viki,2,2026-09-02 22:25:57.88+00
route-02,ithaca-falls,gora,4,2026-09-02 22:33:30.207+00
route-02,ithaca-falls,sheluvspaco,3,2026-09-02 22:33:31.054+00
route-02,ithaca-falls,stivka,3,2026-09-02 22:33:32.354+00
route-02,ithaca-falls,viki,5,2026-09-02 22:33:29.471+00
route-02,leatherstocking-bat-mill,gora,2,2026-09-02 22:27:25.696+00
route-02,leatherstocking-bat-mill,sheluvspaco,2,2026-09-02 22:27:24.079+00
route-02,leatherstocking-bat-mill,stivka,1,2026-09-02 22:27:27.578+00
route-02,leatherstocking-bat-mill,viki,1,2026-09-02 22:27:23.178+00
route-02,letchworth-falls,gora,1,2026-09-02 22:44:00.029+00
route-02,letchworth-falls,sheluvspaco,3,2026-09-02 22:43:51.378+00
route-02,letchworth-falls,stivka,1,2026-09-02 22:43:54.925+00
route-02,letchworth-falls,viki,5,2026-09-02 22:43:52.11+00
route-02,lockport-locks-cruise,gora,2,2026-09-02 22:55:49.788+00
route-02,lockport-locks-cruise,sheluvspaco,2,2026-09-02 22:55:41.935+00
route-02,lockport-locks-cruise,stivka,1,2026-09-02 22:55:51.254+00
route-02,lockport-locks-cruise,viki,2,2026-09-02 22:55:43.487+00
route-02,magic-wings,gora,1,2026-09-02 22:10:57.725+00
route-02,magic-wings,sheluvspaco,2,2026-09-02 22:10:54.775+00
route-02,magic-wings,stivka,1,2026-09-02 22:10:58.34+00
route-02,magic-wings,viki,2,2026-09-02 22:10:56.575+00
route-02,maid-of-the-mist,gora,2,2026-09-02 22:54:11.519+00
route-02,maid-of-the-mist,sheluvspaco,4,2026-09-02 22:54:05.205+00
route-02,maid-of-the-mist,stivka,4,2026-09-02 22:54:07.451+00
route-02,maid-of-the-mist,viki,5,2026-09-02 22:53:59.903+00
route-02,make-your-own-glass,gora,4,2026-09-02 22:32:53.44+00
route-02,make-your-own-glass,sheluvspaco,4,2026-09-02 22:32:49.054+00
route-02,make-your-own-glass,stivka,3,2026-09-02 22:32:58.505+00
route-02,make-your-own-glass,viki,4,2026-09-02 22:32:48.438+00
route-02,martin-house,gora,5,2026-09-02 22:57:46.537+00
route-02,martin-house,sheluvspaco,3,2026-09-02 22:57:45.589+00
route-02,martin-house,stivka,1,2026-09-02 22:57:17.187+00
route-02,martin-house,viki,1,2026-09-02 22:57:12.236+00
route-02,mass-moca,gora,1,2026-09-02 22:15:20.483+00
route-02,mass-moca,sheluvspaco,1,2026-09-02 22:15:16.78+00
route-02,mass-moca,stivka,1,2026-09-02 22:15:21.53+00
route-02,mass-moca,viki,1,2026-09-02 22:15:17.447+00
route-02,montezuma-wildlife-drive,gora,1,2026-09-02 22:56:38.536+00
route-02,montezuma-wildlife-drive,sheluvspaco,3,2026-09-02 22:56:37.386+00
route-02,montezuma-wildlife-drive,stivka,1,2026-09-02 22:56:39.453+00
route-02,montezuma-wildlife-drive,viki,1,2026-09-02 22:56:34.886+00
route-02,moss-island-lock-e17,gora,1,2026-09-02 23:00:08.222+00
route-02,moss-island-lock-e17,sheluvspaco,1,2026-09-02 23:00:05.588+00
route-02,moss-island-lock-e17,stivka,1,2026-09-02 23:00:08.791+00
route-02,moss-island-lock-e17,viki,1,2026-09-02 23:00:06.955+00
route-02,mount-morris-dam,gora,1,2026-09-02 22:44:18.394+00
route-02,mount-morris-dam,sheluvspaco,1,2026-09-02 22:44:15.358+00
route-02,mount-morris-dam,stivka,1,2026-09-02 22:44:19.177+00
route-02,mount-morris-dam,viki,1,2026-09-02 22:44:17.725+00
route-02,museum-of-earth,gora,2,2026-09-02 22:35:54.325+00
route-02,museum-of-earth,sheluvspaco,3,2026-09-02 22:35:56.806+00
route-02,museum-of-earth,stivka,1,2026-09-02 22:35:43.574+00
route-02,museum-of-earth,viki,2,2026-09-02 22:35:56.022+00
route-02,niagara-power-vista,gora,1,2026-09-02 22:49:43.231+00
route-02,niagara-power-vista,sheluvspaco,1,2026-09-02 22:48:18.343+00
route-02,niagara-power-vista,stivka,1,2026-09-02 22:49:43.848+00
route-02,niagara-power-vista,viki,1,2026-09-02 22:49:42.268+00
route-02,nut-house-hacker-witch,gora,4,2026-09-02 22:39:05.223+00
route-02,nut-house-hacker-witch,sheluvspaco,5,2026-09-02 22:39:00.607+00
route-02,nut-house-hacker-witch,stivka,5,2026-09-02 22:39:06.791+00
route-02,nut-house-hacker-witch,viki,4,2026-09-02 22:39:01.74+00
route-02,ny-state-capitol-plaza,gora,3,2026-09-02 23:03:01.624+00
route-02,ny-state-capitol-plaza,sheluvspaco,3,2026-09-02 23:03:00.193+00
route-02,ny-state-capitol-plaza,stivka,3,2026-09-02 23:03:02.313+00
route-02,ny-state-capitol-plaza,viki,3,2026-09-02 23:03:00.79+00
route-02,old-fort-niagara,gora,3,2026-09-02 22:54:59.087+00
route-02,old-fort-niagara,sheluvspaco,4,2026-09-02 22:54:55.436+00
route-02,old-fort-niagara,stivka,3,2026-09-02 22:55:01.004+00
route-02,old-fort-niagara,viki,2,2026-09-02 22:54:56.87+00
route-02,radio-social,gora,1,2026-09-02 22:40:38.624+00
route-02,radio-social,sheluvspaco,3,2026-09-02 22:40:34.775+00
route-02,radio-social,stivka,1,2026-09-02 22:40:37.59+00
route-02,radio-social,viki,5,2026-09-02 22:40:33.074+00
route-02,revolution-rail-hadley,gora,5,2026-09-02 22:13:29.56+00
route-02,revolution-rail-hadley,sheluvspaco,5,2026-09-02 22:13:13.975+00
route-02,revolution-rail-hadley,stivka,5,2026-09-02 22:13:30.592+00
route-02,revolution-rail-hadley,viki,4,2026-09-02 22:13:16.321+00
route-02,rochester-high-falls,gora,2,2026-09-02 22:35:03.973+00
route-02,rochester-high-falls,sheluvspaco,3,2026-09-02 22:34:53.84+00
route-02,rochester-high-falls,stivka,2,2026-09-02 22:35:05.255+00
route-02,rochester-high-falls,viki,3,2026-09-02 22:34:54.605+00
route-02,rochester-public-market,gora,1,2026-09-02 22:45:26.575+00
route-02,rochester-public-market,sheluvspaco,1,2026-09-02 22:45:14.009+00
route-02,rochester-public-market,stivka,1,2026-09-02 22:45:16.109+00
route-02,rochester-public-market,viki,1,2026-09-02 22:45:19.276+00
route-02,saratoga-mineral-springs,gora,1,2026-09-02 22:14:55.932+00
route-02,saratoga-mineral-springs,sheluvspaco,3,2026-09-02 22:14:58.947+00
route-02,saratoga-mineral-springs,stivka,1,2026-09-02 22:14:55.063+00
route-02,saratoga-mineral-springs,viki,4,2026-09-02 22:14:58.097+00
route-02,schenectady-stockade,gora,1,2026-09-02 23:03:19.926+00
route-02,schenectady-stockade,sheluvspaco,4,2026-09-02 23:03:19.059+00
route-02,schenectady-stockade,stivka,1,2026-09-02 23:03:20.524+00
route-02,schenectady-stockade,viki,1,2026-09-02 23:03:18.459+00
route-02,secret-caverns,gora,4,2026-09-02 22:19:10.231+00
route-02,secret-caverns,sheluvspaco,4,2026-09-02 22:18:58.663+00
route-02,secret-caverns,stivka,4,2026-09-02 22:19:03.43+00
route-02,secret-caverns,viki,5,2026-09-02 22:18:57.963+00
route-02,six-depot,gora,4,2026-09-02 23:04:22.894+00
route-02,six-depot,sheluvspaco,3,2026-09-02 23:04:20.86+00
route-02,six-depot,stivka,1,2026-09-02 23:04:23.824+00
route-02,six-depot,viki,2,2026-09-02 23:04:21.641+00
route-02,smith-botanic-garden,gora,1,2026-09-02 22:08:55.942+00
route-02,smith-botanic-garden,sheluvspaco,1,2026-09-02 22:08:52.728+00
route-02,smith-botanic-garden,stivka,1,2026-09-02 22:08:56.642+00
route-02,smith-botanic-garden,viki,1,2026-09-02 22:08:53.558+00
route-02,strong-museum-play,gora,1,2026-09-02 22:41:35.574+00
route-02,strong-museum-play,sheluvspaco,3,2026-09-02 22:41:30.708+00
route-02,strong-museum-play,stivka,1,2026-09-02 22:41:34.341+00
route-02,strong-museum-play,viki,5,2026-09-02 22:41:29.911+00
route-02,taughannock-falls,gora,4,2026-09-02 22:30:08.453+00
route-02,taughannock-falls,sheluvspaco,3,2026-09-02 22:30:07.585+00
route-02,taughannock-falls,stivka,3,2026-09-02 22:30:11.151+00
route-02,taughannock-falls,viki,4,2026-09-02 22:30:05.45+00
route-02,thacher-indian-ladder,gora,2,2026-09-02 23:00:46.655+00
route-02,thacher-indian-ladder,sheluvspaco,1,2026-09-02 23:00:48.989+00
route-02,thacher-indian-ladder,stivka,1,2026-09-02 23:00:51.272+00
route-02,thacher-indian-ladder,viki,2,2026-09-02 23:00:50.457+00
route-02,three-sisters-sanctuary,gora,1,2026-09-02 22:08:31.591+00
route-02,three-sisters-sanctuary,sheluvspaco,3,2026-09-02 22:08:20.708+00
route-02,three-sisters-sanctuary,stivka,3,2026-09-02 22:08:33.34+00
route-02,three-sisters-sanctuary,viki,4,2026-09-02 22:08:21.523+00
route-02,tr-inaugural-site,gora,5,2026-09-02 22:58:17.989+00
route-02,tr-inaugural-site,sheluvspaco,4,2026-09-02 22:58:11.739+00
route-02,tr-inaugural-site,stivka,1,2026-09-02 22:58:19.174+00
route-02,tr-inaugural-site,viki,1,2026-09-02 22:58:14.737+00
route-02,tunnel-bar-northampton,gora,3,2026-09-02 22:10:15.159+00
route-02,tunnel-bar-northampton,sheluvspaco,4,2026-09-02 22:09:54.309+00
route-02,tunnel-bar-northampton,stivka,4,2026-09-02 22:10:16.323+00
route-02,tunnel-bar-northampton,viki,4,2026-09-02 22:10:12.392+00
route-02,turnpark-art-space,gora,1,2026-09-02 23:04:00.341+00
route-02,turnpark-art-space,sheluvspaco,1,2026-09-02 23:03:56.441+00
route-02,turnpark-art-space,stivka,1,2026-09-02 23:03:58.01+00
route-02,turnpark-art-space,viki,1,2026-09-02 23:03:57.157+00
route-02,watkins-glen-gorge,gora,4,2026-09-02 22:31:56.257+00
route-02,watkins-glen-gorge,sheluvspaco,4,2026-09-02 22:31:38.69+00
route-02,watkins-glen-gorge,stivka,4,2026-09-02 22:31:57.757+00
route-02,watkins-glen-gorge,viki,5,2026-09-02 22:31:37.722+00
route-02,whirlpool-jet-boat,gora,4,2026-09-02 22:51:19.868+00
route-02,whirlpool-jet-boat,sheluvspaco,4,2026-09-02 22:50:58.732+00
route-02,whirlpool-jet-boat,stivka,4,2026-09-02 22:51:20.65+00
route-02,whirlpool-jet-boat,viki,4,2026-09-02 22:51:03.234+00
route-03,andalusia-estate,gora,1,2026-09-02 23:38:31.029+00
route-03,andalusia-estate,sheluvspaco,2,2026-09-02 23:38:29.979+00
route-03,andalusia-estate,stivka,1,2026-09-02 23:38:31.629+00
route-03,andalusia-estate,viki,1,2026-09-02 23:38:30.546+00
route-03,asbury-boardwalk,gora,3,2026-09-02 23:16:49.981+00
route-03,asbury-boardwalk,sheluvspaco,4,2026-09-02 23:16:46.896+00
route-03,asbury-boardwalk,stivka,1,2026-09-02 23:16:50.727+00
route-03,asbury-boardwalk,viki,1,2026-09-02 23:16:48.363+00
route-03,asbury-live-music,gora,1,2026-09-02 23:17:51.277+00
route-03,asbury-live-music,sheluvspaco,1,2026-09-02 23:17:49.764+00
route-03,asbury-live-music,stivka,1,2026-09-02 23:17:51.877+00
route-03,asbury-live-music,viki,1,2026-09-02 23:17:50.377+00
route-03,assateague,gora,2,2026-09-02 23:27:17.751+00
route-03,assateague,sheluvspaco,1,2026-09-02 23:27:12.85+00
route-03,assateague,stivka,1,2026-09-02 23:27:14.933+00
route-03,assateague,viki,1,2026-09-02 23:27:13.701+00
route-03,assateague-pony-kayak,gora,1,2026-09-02 23:29:06.912+00
route-03,assateague-pony-kayak,sheluvspaco,1,2026-09-02 23:29:04.013+00
route-03,assateague-pony-kayak,stivka,1,2026-09-02 23:29:05.163+00
route-03,assateague-pony-kayak,viki,1,2026-09-02 23:29:09.699+00
route-03,baltimore-industry,gora,5,2026-09-02 23:36:55.532+00
route-03,baltimore-industry,sheluvspaco,3,2026-09-02 23:36:57.35+00
route-03,baltimore-industry,stivka,1,2026-09-02 23:36:20.628+00
route-03,baltimore-industry,viki,1,2026-09-02 23:36:25.679+00
route-03,barker-cartoon-museum,gora,4,2026-09-02 23:42:45.714+00
route-03,barker-cartoon-museum,sheluvspaco,5,2026-09-02 23:42:43.23+00
route-03,barker-cartoon-museum,stivka,3,2026-09-02 23:42:46.653+00
route-03,barker-cartoon-museum,viki,3,2026-09-02 23:42:44.845+00
route-03,barrier-islands-center,gora,1,2026-09-02 23:30:59.196+00
route-03,barrier-islands-center,sheluvspaco,2,2026-09-02 23:31:01.062+00
route-03,barrier-islands-center,stivka,1,2026-09-02 23:30:59.662+00
route-03,barrier-islands-center,viki,1,2026-09-02 23:30:58.663+00
route-03,berlin-historic,gora,3,2026-09-02 23:28:11.329+00
route-03,berlin-historic,sheluvspaco,3,2026-09-02 23:28:05.613+00
route-03,berlin-historic,stivka,1,2026-09-02 23:28:12.113+00
route-03,berlin-historic,viki,1,2026-09-02 23:28:06.813+00
route-03,big-duck,gora,1,2026-09-02 23:14:15.23+00
route-03,big-duck,sheluvspaco,5,2026-09-02 23:14:10.014+00
route-03,big-duck,stivka,5,2026-09-02 23:14:16.16+00
route-03,big-duck,viki,2,2026-09-02 23:14:13.297+00
route-03,bo-railroad,gora,1,2026-09-02 23:36:09.329+00
route-03,bo-railroad,sheluvspaco,2,2026-09-02 23:36:06.114+00
route-03,bo-railroad,stivka,1,2026-09-02 23:36:09.98+00
route-03,bo-railroad,viki,2,2026-09-02 23:36:08.431+00
route-03,book-barn-niantic,gora,2,2026-09-02 23:10:18.361+00
route-03,book-barn-niantic,sheluvspaco,2,2026-09-02 23:10:13.643+00
route-03,book-barn-niantic,stivka,1,2026-09-02 23:10:14.742+00
route-03,book-barn-niantic,viki,1,2026-09-02 23:10:17.409+00
route-03,cape-charles,gora,1,2026-09-02 23:31:45.496+00
route-03,cape-charles,sheluvspaco,1,2026-09-02 23:31:43.998+00
route-03,cape-charles,stivka,1,2026-09-02 23:31:45.979+00
route-03,cape-charles,viki,1,2026-09-02 23:31:44.663+00
route-03,cape-may-ghosts,gora,3,2026-09-02 23:22:11.847+00
route-03,cape-may-ghosts,sheluvspaco,3,2026-09-02 23:22:08.747+00
route-03,cape-may-ghosts,stivka,1,2026-09-02 23:22:06.512+00
route-03,cape-may-ghosts,viki,3,2026-09-02 23:22:10.244+00
route-03,cape-may-lewes-ferry,gora,3,2026-09-02 23:25:50.363+00
route-03,cape-may-lewes-ferry,sheluvspaco,3,2026-09-02 23:25:48.645+00
route-03,cape-may-lewes-ferry,stivka,3,2026-09-02 23:25:50.978+00
route-03,cape-may-lewes-ferry,viki,3,2026-09-02 23:25:49.295+00
route-03,cape-may-lighthouse,gora,2,2026-09-02 23:21:44.964+00
route-03,cape-may-lighthouse,sheluvspaco,3,2026-09-02 23:21:37.328+00
route-03,cape-may-lighthouse,stivka,2,2026-09-02 23:21:45.628+00
route-03,cape-may-lighthouse,viki,2,2026-09-02 23:21:42.181+00
route-03,cape-may-victorian,gora,4,2026-09-02 23:22:59.813+00
route-03,cape-may-victorian,sheluvspaco,5,2026-09-02 23:22:57.131+00
route-03,cape-may-victorian,stivka,3,2026-09-02 23:23:00.912+00
route-03,cape-may-victorian,viki,4,2026-09-02 23:22:57.847+00
route-03,chesapeake-bridge-tunnel,gora,2,2026-09-02 23:30:34.064+00
route-03,chesapeake-bridge-tunnel,sheluvspaco,2,2026-09-02 23:30:33.212+00
route-03,chesapeake-bridge-tunnel,stivka,1,2026-09-02 23:30:35.065+00
route-03,chesapeake-bridge-tunnel,viki,1,2026-09-02 23:30:30.762+00
route-03,cross-sound-ferry,gora,1,2026-09-02 23:07:00.546+00
route-03,cross-sound-ferry,sheluvspaco,1,2026-09-02 23:07:25.776+00
route-03,cross-sound-ferry,stivka,1,2026-09-02 23:06:11.811+00
route-03,cross-sound-ferry,viki,1,2026-09-02 23:07:26.46+00
route-03,fire-island-lighthouse,gora,1,2026-09-02 23:15:49.129+00
route-03,fire-island-lighthouse,sheluvspaco,3,2026-09-02 23:15:47.396+00
route-03,fire-island-lighthouse,stivka,1,2026-09-02 23:15:49.994+00
route-03,fire-island-lighthouse,viki,1,2026-09-02 23:15:48.146+00
route-03,fort-miles,gora,2,2026-09-02 23:26:44.765+00
route-03,fort-miles,sheluvspaco,3,2026-09-02 23:26:42.929+00
route-03,fort-miles,stivka,1,2026-09-02 23:26:39.445+00
route-03,fort-miles,viki,1,2026-09-02 23:26:41.529+00
route-03,great-dune-tower,gora,1,2026-09-02 23:27:50.632+00
route-03,great-dune-tower,sheluvspaco,1,2026-09-02 23:27:48.93+00
route-03,great-dune-tower,stivka,1,2026-09-02 23:27:51.467+00
route-03,great-dune-tower,viki,1,2026-09-02 23:27:49.848+00
route-03,greenport-waterfront,gora,1,2026-09-02 23:08:47.31+00
route-03,greenport-waterfront,sheluvspaco,1,2026-09-02 23:08:46.029+00
route-03,greenport-waterfront,stivka,1,2026-09-02 23:08:48.226+00
route-03,greenport-waterfront,viki,2,2026-09-02 23:08:44.696+00
route-03,headless-horseman,gora,1,2026-09-02 23:39:58.748+00
route-03,headless-horseman,sheluvspaco,2,2026-09-02 23:39:57.195+00
route-03,headless-horseman,stivka,1,2026-09-02 23:39:59.878+00
route-03,headless-horseman,viki,1,2026-09-02 23:39:58.112+00
route-03,hermitage-norfolk,gora,3,2026-09-02 23:34:00.115+00
route-03,hermitage-norfolk,sheluvspaco,3,2026-09-02 23:33:54.947+00
route-03,hermitage-norfolk,stivka,3,2026-09-02 23:34:01.363+00
route-03,hermitage-norfolk,viki,1,2026-09-02 23:33:58.749+00
route-03,kiptopeke-concrete-ships,gora,1,2026-09-02 23:30:14.362+00
route-03,kiptopeke-concrete-ships,sheluvspaco,1,2026-09-02 23:30:13.163+00
route-03,kiptopeke-concrete-ships,stivka,1,2026-09-02 23:30:14.846+00
route-03,kiptopeke-concrete-ships,viki,1,2026-09-02 23:30:13.829+00
route-03,long-island-aquarium,gora,5,2026-09-02 23:14:48.643+00
route-03,long-island-aquarium,sheluvspaco,3,2026-09-02 23:14:43.628+00
route-03,long-island-aquarium,stivka,1,2026-09-02 23:14:49.527+00
route-03,long-island-aquarium,viki,1,2026-09-02 23:14:45.977+00
route-03,lucy-elephant,gora,4,2026-09-02 23:20:17.763+00
route-03,lucy-elephant,sheluvspaco,5,2026-09-02 23:20:16.029+00
route-03,lucy-elephant,stivka,5,2026-09-02 23:20:18.528+00
route-03,lucy-elephant,viki,4,2026-09-02 23:20:17.046+00
route-03,maryland-renaissance-festival,gora,1,2026-09-02 23:35:47.845+00
route-03,maryland-renaissance-festival,sheluvspaco,1,2026-09-02 23:35:46.729+00
route-03,maryland-renaissance-festival,stivka,1,2026-09-02 23:35:48.595+00
route-03,maryland-renaissance-festival,viki,1,2026-09-02 23:35:49.412+00
route-03,mashomack-preserve,gora,4,2026-09-02 23:12:08.946+00
route-03,mashomack-preserve,sheluvspaco,4,2026-09-02 23:12:06.845+00
route-03,mashomack-preserve,stivka,2,2026-09-02 23:12:11.596+00
route-03,mashomack-preserve,viki,2,2026-09-02 23:12:14.093+00
route-03,metuchen-main-street,gora,4,2026-09-02 23:38:10.697+00
route-03,metuchen-main-street,sheluvspaco,2,2026-09-02 23:38:04.628+00
route-03,metuchen-main-street,stivka,1,2026-09-02 23:38:00.528+00
route-03,metuchen-main-street,viki,1,2026-09-02 23:38:03.528+00
route-03,mullica-cedar-paddle,gora,5,2026-09-02 23:37:26.347+00
route-03,mullica-cedar-paddle,sheluvspaco,4,2026-09-02 23:37:23.365+00
route-03,mullica-cedar-paddle,stivka,3,2026-09-02 23:37:35.512+00
route-03,mullica-cedar-paddle,viki,4,2026-09-02 23:37:34.596+00
route-03,nasa-wallops,gora,1,2026-09-02 23:29:59.396+00
route-03,nasa-wallops,sheluvspaco,5,2026-09-02 23:29:57.782+00
route-03,nasa-wallops,stivka,1,2026-09-02 23:30:00.163+00
route-03,nasa-wallops,viki,1,2026-09-02 23:29:58.779+00
route-03,nauticus-wisconsin,gora,1,2026-09-02 23:32:09.182+00
route-03,nauticus-wisconsin,sheluvspaco,3,2026-09-02 23:32:07.233+00
route-03,nauticus-wisconsin,stivka,1,2026-09-02 23:32:09.695+00
route-03,nauticus-wisconsin,viki,1,2026-09-02 23:32:08.149+00
route-03,neabsco-creek-boardwalk,gora,2,2026-09-02 23:35:24.248+00
route-03,neabsco-creek-boardwalk,sheluvspaco,3,2026-09-02 23:35:22.396+00
route-03,neabsco-creek-boardwalk,stivka,1,2026-09-02 23:35:29.315+00
route-03,neabsco-creek-boardwalk,viki,1,2026-09-02 23:35:27.847+00
route-03,norfolk-pagoda,gora,1,2026-09-02 23:31:31.079+00
route-03,norfolk-pagoda,sheluvspaco,2,2026-09-02 23:31:28.565+00
route-03,norfolk-pagoda,stivka,1,2026-09-02 23:31:31.698+00
route-03,norfolk-pagoda,viki,3,2026-09-02 23:31:29.829+00
route-03,north-ferry,gora,4,2026-09-02 23:11:11.943+00
route-03,north-ferry,sheluvspaco,4,2026-09-02 23:11:08.876+00
route-03,north-ferry,stivka,2,2026-09-02 23:11:12.828+00
route-03,north-ferry,viki,2,2026-09-02 23:11:10.143+00
route-03,ocean-grove,gora,4,2026-09-02 23:19:18.23+00
route-03,ocean-grove,sheluvspaco,5,2026-09-02 23:19:29.911+00
route-03,ocean-grove,stivka,3,2026-09-02 23:19:33.529+00
route-03,ocean-grove,viki,3,2026-09-02 23:19:32.447+00
route-03,old-dutch-church,gora,4,2026-09-02 23:39:22.666+00
route-03,old-dutch-church,sheluvspaco,4,2026-09-02 23:39:14.264+00
route-03,old-dutch-church,stivka,1,2026-09-02 23:39:23.532+00
route-03,old-dutch-church,viki,1,2026-09-02 23:39:15.131+00
route-03,pez-visitor-center,gora,5,2026-09-02 23:42:19.195+00
route-03,pez-visitor-center,sheluvspaco,5,2026-09-02 23:42:17.745+00
route-03,pez-visitor-center,stivka,4,2026-09-02 23:42:20.263+00
route-03,pez-visitor-center,viki,5,2026-09-02 23:42:07.298+00
route-03,poe-museum-richmond,gora,3,2026-09-02 23:33:32.213+00
route-03,poe-museum-richmond,stivka,1,2026-09-02 23:33:30.364+00
route-03,poe-museum-richmond,viki,1,2026-09-02 23:33:27.881+00
route-03,pumpkin-blaze,gora,1,2026-09-02 23:40:24.212+00
route-03,pumpkin-blaze,sheluvspaco,3,2026-09-02 23:40:22.712+00
route-03,pumpkin-blaze,stivka,1,2026-09-02 23:40:24.962+00
route-03,pumpkin-blaze,viki,1,2026-09-02 23:40:23.464+00
route-03,revolution-rail-cape-may,gora,4,2026-09-02 23:20:50.011+00
route-03,revolution-rail-cape-may,sheluvspaco,2,2026-09-02 23:20:39.863+00
route-03,revolution-rail-cape-may,stivka,2,2026-09-02 23:20:51.078+00
route-03,revolution-rail-cape-may,viki,2,2026-09-02 23:20:42.998+00
route-03,richmond-capitol-ghost-tour,gora,1,2026-09-02 23:32:35.679+00
route-03,richmond-capitol-ghost-tour,sheluvspaco,2,2026-09-02 23:32:33.763+00
route-03,richmond-capitol-ghost-tour,stivka,1,2026-09-02 23:32:36.129+00
route-03,richmond-capitol-ghost-tour,viki,1,2026-09-02 23:32:35.012+00
route-03,richmond-orthodox,gora,4,2026-09-02 23:34:43.829+00
route-03,richmond-orthodox,sheluvspaco,3,2026-09-02 23:34:40.712+00
route-03,richmond-orthodox,stivka,3,2026-09-02 23:34:44.514+00
route-03,richmond-orthodox,viki,1,2026-09-02 23:34:42.646+00
route-03,rockefeller-arts,gora,4,2026-09-02 23:40:43.098+00
route-03,rockefeller-arts,sheluvspaco,1,2026-09-02 23:40:39.045+00
route-03,rockefeller-arts,stivka,1,2026-09-02 23:40:44.18+00
route-03,rockefeller-arts,viki,1,2026-09-02 23:40:40.264+00
route-03,schooner-argia,gora,1,2026-09-02 23:40:57.895+00
route-03,schooner-argia,sheluvspaco,2,2026-09-02 23:40:58.779+00
route-03,schooner-argia,stivka,1,2026-09-02 23:40:56.245+00
route-03,schooner-argia,viki,1,2026-09-02 23:40:57.062+00
route-03,silverball-asbury,gora,5,2026-09-02 23:17:34.529+00
route-03,silverball-asbury,sheluvspaco,5,2026-09-02 23:17:32.315+00
route-03,silverball-asbury,stivka,4,2026-09-02 23:17:35.327+00
route-03,silverball-asbury,viki,4,2026-09-02 23:17:33.627+00
route-03,sleepy-hollow-cemetery,gora,5,2026-09-02 23:38:52.93+00
route-03,sleepy-hollow-cemetery,sheluvspaco,3,2026-09-02 23:38:51.246+00
route-03,sleepy-hollow-cemetery,stivka,1,2026-09-02 23:38:54.947+00
route-03,sleepy-hollow-cemetery,viki,1,2026-09-02 23:38:54.212+00
route-03,south-ferry,gora,3,2026-09-02 23:12:52.812+00
route-03,south-ferry,sheluvspaco,4,2026-09-02 23:12:38.563+00
route-03,south-ferry,stivka,2,2026-09-02 23:12:54.362+00
route-03,south-ferry,viki,2,2026-09-02 23:12:39.576+00
route-03,sunset-beach-atlantus,gora,1,2026-09-02 23:23:38.761+00
route-03,sunset-beach-atlantus,sheluvspaco,2,2026-09-02 23:23:36.248+00
route-03,sunset-beach-atlantus,stivka,1,2026-09-02 23:23:39.579+00
route-03,sunset-beach-atlantus,viki,2,2026-09-02 23:23:36.846+00
route-03,tanger-riverhead,gora,4,2026-09-02 23:13:15.079+00
route-03,tanger-riverhead,sheluvspaco,4,2026-09-02 23:13:14.144+00
route-03,tanger-riverhead,stivka,4,2026-09-02 23:13:16.126+00
route-03,tanger-riverhead,viki,4,2026-09-02 23:13:13.029+00
route-03,uss-nautilus-museum,gora,4,2026-09-02 23:05:39.078+00
route-03,uss-nautilus-museum,sheluvspaco,4,2026-09-02 23:05:36.928+00
route-03,uss-nautilus-museum,stivka,1,2026-09-02 23:05:39.858+00
route-03,uss-nautilus-museum,viki,1,2026-09-02 23:05:38.227+00
route-03,vibe-neptune,gora,3,2026-09-02 23:32:56.181+00
route-03,vibe-neptune,sheluvspaco,3,2026-09-02 23:32:50.113+00
route-03,vibe-neptune,stivka,1,2026-09-02 23:32:57.316+00
route-03,vibe-neptune,viki,3,2026-09-02 23:32:53.165+00
route-03,zwaanendael,gora,2,2026-09-02 23:28:40.429+00
route-03,zwaanendael,sheluvspaco,3,2026-09-02 23:28:37.446+00
route-03,zwaanendael,stivka,1,2026-09-02 23:28:41.132+00
route-03,zwaanendael,viki,1,2026-09-02 23:28:38.514+00
route-04,african-burying-ground,gora,1,2026-09-02 23:46:46.563+00
route-04,african-burying-ground,sheluvspaco,2,2026-09-02 23:46:44.845+00
route-04,african-burying-ground,stivka,1,2026-09-02 23:46:47.43+00
route-04,african-burying-ground,viki,1,2026-09-02 23:46:45.911+00
route-04,american-precision,gora,1,2026-09-03 00:28:21.862+00
route-04,american-precision,sheluvspaco,1,2026-09-03 00:28:20.844+00
route-04,american-precision,stivka,1,2026-09-03 00:28:22.828+00
route-04,american-precision,viki,1,2026-09-03 00:28:21.394+00
route-04,arbortrek-smugglers,gora,1,2026-09-03 00:21:31.593+00
route-04,arbortrek-smugglers,sheluvspaco,2,2026-09-03 00:21:35.709+00
route-04,arbortrek-smugglers,stivka,1,2026-09-03 00:21:42.643+00
route-04,arbortrek-smugglers,viki,2,2026-09-03 00:21:33.192+00
route-04,arcadia-portland,gora,5,2026-09-03 00:02:22.53+00
route-04,arcadia-portland,sheluvspaco,5,2026-09-03 00:02:19.629+00
route-04,arcadia-portland,stivka,4,2026-09-03 00:02:25.717+00
route-04,arcadia-portland,viki,4,2026-09-03 00:02:21.716+00
route-04,bar-harbor-shore-path,gora,3,2026-09-03 00:07:29.702+00
route-04,bar-harbor-shore-path,sheluvspaco,3,2026-09-03 00:07:00.235+00
route-04,bar-harbor-shore-path,stivka,3,2026-09-03 00:07:06.905+00
route-04,bar-harbor-shore-path,viki,3,2026-09-03 00:07:00.852+00
route-04,bath-iron-works-story,gora,4,2026-09-03 00:03:35.884+00
route-04,bath-iron-works-story,sheluvspaco,2,2026-09-03 00:03:30.251+00
route-04,bath-iron-works-story,stivka,1,2026-09-03 00:03:34.784+00
route-04,bath-iron-works-story,viki,1,2026-09-03 00:03:26.451+00
route-04,beast-mountain-coaster,gora,4,2026-09-03 00:22:58.177+00
route-04,beast-mountain-coaster,sheluvspaco,4,2026-09-03 00:22:56.11+00
route-04,beast-mountain-coaster,stivka,3,2026-09-03 00:23:03.459+00
route-04,beast-mountain-coaster,viki,1,2026-09-03 00:23:01.579+00
route-04,beehive-bowl-climb,gora,5,2026-09-03 00:10:09.453+00
route-04,beehive-bowl-climb,sheluvspaco,5,2026-09-03 00:10:07.586+00
route-04,beehive-bowl-climb,stivka,5,2026-09-03 00:10:10.286+00
route-04,beehive-bowl-climb,viki,5,2026-09-03 00:10:08.336+00
route-04,ben-jerrys-graveyard,gora,4,2026-09-03 00:25:22.11+00
route-04,ben-jerrys-graveyard,sheluvspaco,5,2026-09-03 00:25:23.563+00
route-04,ben-jerrys-graveyard,stivka,4,2026-09-03 00:25:50.794+00
route-04,ben-jerrys-graveyard,viki,4,2026-09-03 00:25:42.527+00
route-04,bethel-village,gora,3,2026-09-03 00:14:37.62+00
route-04,bethel-village,sheluvspaco,3,2026-09-03 00:14:36.223+00
route-04,bethel-village,stivka,3,2026-09-03 00:14:38.457+00
route-04,bethel-village,viki,4,2026-09-03 00:14:34.823+00
route-04,burlington-waterfront,gora,3,2026-09-03 00:22:07.093+00
route-04,burlington-waterfront,sheluvspaco,3,2026-09-03 00:22:05.576+00
route-04,burlington-waterfront,stivka,3,2026-09-03 00:22:09.276+00
route-04,burlington-waterfront,viki,3,2026-09-03 00:22:06.309+00
route-04,cadillac-mountain,gora,2,2026-09-03 00:09:41.355+00
route-04,cadillac-mountain,sheluvspaco,4,2026-09-03 00:09:18.971+00
route-04,cadillac-mountain,stivka,4,2026-09-03 00:09:34.771+00
route-04,cadillac-mountain,viki,5,2026-09-03 00:09:20.069+00
route-04,coastal-maine-gardens,gora,3,2026-09-03 00:02:55.486+00
route-04,coastal-maine-gardens,sheluvspaco,3,2026-09-03 00:02:53.583+00
route-04,coastal-maine-gardens,stivka,2,2026-09-03 00:02:57.167+00
route-04,coastal-maine-gardens,viki,4,2026-09-03 00:02:54.3+00
route-04,colby-art,gora,1,2026-09-03 00:14:46.489+00
route-04,colby-art,sheluvspaco,1,2026-09-03 00:14:44.72+00
route-04,colby-art,stivka,1,2026-09-03 00:14:47.104+00
route-04,colby-art,viki,1,2026-09-03 00:14:45.937+00
route-04,coolidge-site,gora,2,2026-09-03 00:26:24.577+00
route-04,coolidge-site,sheluvspaco,3,2026-09-03 00:26:21.977+00
route-04,coolidge-site,stivka,1,2026-09-03 00:26:23.878+00
route-04,coolidge-site,viki,1,2026-09-03 00:26:22.861+00
route-04,desert-of-maine,gora,1,2026-09-03 00:02:35.015+00
route-04,desert-of-maine,sheluvspaco,1,2026-09-03 00:02:33.432+00
route-04,desert-of-maine,stivka,1,2026-09-03 00:02:36.032+00
route-04,desert-of-maine,viki,1,2026-09-03 00:02:34.482+00
route-04,dog-mountain,gora,1,2026-09-03 00:18:18.091+00
route-04,dog-mountain,sheluvspaco,3,2026-09-03 00:18:14.224+00
route-04,dog-mountain,stivka,2,2026-09-03 00:18:20.571+00
route-04,dog-mountain,viki,4,2026-09-03 00:18:13.393+00
route-04,dormition-orthodox,gora,4,2026-09-03 00:18:51.389+00
route-04,dormition-orthodox,sheluvspaco,3,2026-09-03 00:18:41.724+00
route-04,dormition-orthodox,stivka,4,2026-09-03 00:18:50.827+00
route-04,dormition-orthodox,viki,1,2026-09-03 00:18:43.988+00
route-04,eastern-promenade,gora,2,2026-09-03 00:02:10.276+00
route-04,eastern-promenade,sheluvspaco,2,2026-09-03 00:01:49.961+00
route-04,eastern-promenade,stivka,2,2026-09-03 00:02:11.093+00
route-04,eastern-promenade,viki,2,2026-09-03 00:02:07.958+00
route-04,fairbanks-museum,gora,2,2026-09-03 00:17:39.288+00
route-04,fairbanks-museum,sheluvspaco,2,2026-09-03 00:17:37.524+00
route-04,fairbanks-museum,stivka,1,2026-09-03 00:17:38.321+00
route-04,fairbanks-museum,viki,1,2026-09-03 00:17:42.088+00
route-04,flw-houses,gora,1,2026-09-03 00:30:06.278+00
route-04,flw-houses,sheluvspaco,1,2026-09-03 00:30:02.897+00
route-04,flw-houses,stivka,1,2026-09-03 00:30:07.181+00
route-04,flw-houses,viki,1,2026-09-03 00:30:05.329+00
route-04,fort-knox-observatory,gora,2,2026-09-03 00:06:32.671+00
route-04,fort-knox-observatory,sheluvspaco,3,2026-09-03 00:06:31.221+00
route-04,fort-knox-observatory,stivka,2,2026-09-03 00:06:33.852+00
route-04,fort-knox-observatory,viki,3,2026-09-03 00:06:31.835+00
route-04,hope-cemetery,gora,3,2026-09-03 00:24:40.229+00
route-04,hope-cemetery,sheluvspaco,3,2026-09-03 00:24:38.297+00
route-04,hope-cemetery,stivka,1,2026-09-03 00:24:41.297+00
route-04,hope-cemetery,viki,1,2026-09-03 00:24:39.244+00
route-04,jordan-pond,gora,2,2026-09-03 00:11:43.519+00
route-04,jordan-pond,sheluvspaco,2,2026-09-03 00:11:39.286+00
route-04,jordan-pond,stivka,2,2026-09-03 00:11:44.32+00
route-04,jordan-pond,viki,3,2026-09-03 00:11:41.653+00
route-04,k1-scenic-gondola,gora,2,2026-09-03 00:23:51.879+00
route-04,k1-scenic-gondola,sheluvspaco,2,2026-09-03 00:23:49.629+00
route-04,k1-scenic-gondola,stivka,2,2026-09-03 00:23:52.56+00
route-04,k1-scenic-gondola,viki,2,2026-09-03 00:23:51.13+00
route-04,kittery-outlets,gora,2,2026-09-02 23:45:39.563+00
route-04,kittery-outlets,sheluvspaco,2,2026-09-02 23:45:35.347+00
route-04,kittery-outlets,stivka,1,2026-09-02 23:45:43.148+00
route-04,kittery-outlets,viki,1,2026-09-02 23:45:27.012+00
route-04,lost-river-gorge,gora,2,2026-09-03 00:27:42.846+00
route-04,lost-river-gorge,sheluvspaco,3,2026-09-03 00:27:38.144+00
route-04,lost-river-gorge,stivka,4,2026-09-03 00:27:36.995+00
route-04,lost-river-gorge,viki,4,2026-09-03 00:27:38.877+00
route-04,lucky-catch-lobstering,gora,2,2026-09-02 23:50:33.048+00
route-04,lucky-catch-lobstering,sheluvspaco,4,2026-09-02 23:48:55.128+00
route-04,lucky-catch-lobstering,stivka,2,2026-09-02 23:48:58.516+00
route-04,lucky-catch-lobstering,viki,1,2026-09-02 23:48:56.912+00
route-04,maiden-cliff,gora,3,2026-09-03 00:05:50.868+00
route-04,maiden-cliff,sheluvspaco,3,2026-09-03 00:05:29.734+00
route-04,maiden-cliff,stivka,3,2026-09-03 00:05:56.437+00
route-04,maiden-cliff,viki,3,2026-09-03 00:05:31.168+00
route-04,maine-maritime,gora,1,2026-09-03 00:04:58.218+00
route-04,maine-maritime,sheluvspaco,2,2026-09-03 00:04:55.772+00
route-04,maine-maritime,stivka,1,2026-09-03 00:04:59.337+00
route-04,maine-maritime,viki,1,2026-09-03 00:04:56.418+00
route-04,maine-mineral-gem,gora,1,2026-09-03 00:14:05.487+00
route-04,maine-mineral-gem,sheluvspaco,2,2026-09-03 00:14:03.47+00
route-04,maine-mineral-gem,stivka,1,2026-09-03 00:14:06.02+00
route-04,maine-mineral-gem,viki,3,2026-09-03 00:14:04.753+00
route-04,mount-washington-cog,gora,2,2026-09-03 00:16:45.754+00
route-04,mount-washington-cog,sheluvspaco,5,2026-09-03 00:16:42.208+00
route-04,mount-washington-cog,stivka,3,2026-09-03 00:16:46.557+00
route-04,mount-washington-cog,viki,4,2026-09-03 00:16:44.404+00
route-04,museum-everyday-life,gora,2,2026-09-03 00:22:27.193+00
route-04,museum-everyday-life,sheluvspaco,1,2026-09-03 00:22:25.36+00
route-04,museum-everyday-life,stivka,1,2026-09-03 00:22:27.709+00
route-04,museum-everyday-life,viki,1,2026-09-03 00:22:25.893+00
route-04,nubble-light,gora,3,2026-09-02 23:46:28.997+00
route-04,nubble-light,sheluvspaco,3,2026-09-02 23:46:09.513+00
route-04,nubble-light,stivka,3,2026-09-02 23:46:28.265+00
route-04,nubble-light,viki,2,2026-09-02 23:46:26.714+00
route-04,ocean-path,gora,2,2026-09-03 00:11:20.103+00
route-04,ocean-path,sheluvspaco,3,2026-09-03 00:11:09.469+00
route-04,ocean-path,stivka,2,2026-09-03 00:11:21.186+00
route-04,ocean-path,viki,3,2026-09-03 00:11:12.172+00
route-04,owls-head-transportation,gora,2,2026-09-03 00:07:58.185+00
route-04,owls-head-transportation,sheluvspaco,5,2026-09-03 00:07:51.338+00
route-04,owls-head-transportation,stivka,3,2026-09-03 00:07:53.951+00
route-04,owls-head-transportation,viki,3,2026-09-03 00:07:50.621+00
route-04,path-of-life,gora,4,2026-09-03 00:29:18.031+00
route-04,path-of-life,sheluvspaco,5,2026-09-03 00:29:19.995+00
route-04,path-of-life,stivka,3,2026-09-03 00:29:18.865+00
route-04,path-of-life,viki,4,2026-09-03 00:29:22.145+00
route-04,penobscot-marine,gora,3,2026-09-03 00:08:29.089+00
route-04,penobscot-marine,sheluvspaco,3,2026-09-03 00:08:21.202+00
route-04,penobscot-marine,stivka,3,2026-09-03 00:08:34.289+00
route-04,penobscot-marine,viki,1,2026-09-03 00:08:21.954+00
route-04,portland-head-light,gora,3,2026-09-02 23:48:24.598+00
route-04,portland-head-light,sheluvspaco,3,2026-09-02 23:48:20.677+00
route-04,portland-head-light,stivka,2,2026-09-02 23:48:25.346+00
route-04,portland-head-light,viki,2,2026-09-02 23:48:23.114+00
route-04,prison-showroom,gora,3,2026-09-03 00:04:16.085+00
route-04,prison-showroom,sheluvspaco,1,2026-09-03 00:04:11.351+00
route-04,prison-showroom,stivka,1,2026-09-03 00:04:13.901+00
route-04,prison-showroom,viki,1,2026-09-03 00:04:11.851+00
route-04,quechee-gorge,gora,3,2026-09-03 00:24:21.262+00
route-04,quechee-gorge,sheluvspaco,4,2026-09-03 00:24:19.947+00
route-04,quechee-gorge,stivka,3,2026-09-03 00:24:22.426+00
route-04,quechee-gorge,viki,4,2026-09-03 00:24:20.512+00
route-04,radio-bean,gora,1,2026-09-03 00:22:17.243+00
route-04,radio-bean,sheluvspaco,1,2026-09-03 00:22:16.176+00
route-04,radio-bean,stivka,1,2026-09-03 00:22:17.81+00
route-04,radio-bean,viki,1,2026-09-03 00:22:16.709+00
route-04,rockland-breakwater,gora,2,2026-09-03 00:04:02.454+00
route-04,rockland-breakwater,sheluvspaco,3,2026-09-03 00:03:53.301+00
route-04,rockland-breakwater,stivka,2,2026-09-03 00:03:56.767+00
route-04,rockland-breakwater,viki,2,2026-09-03 00:03:54.651+00
route-04,seal-cove-auto,gora,2,2026-09-03 00:13:00.337+00
route-04,seal-cove-auto,sheluvspaco,4,2026-09-03 00:12:54.17+00
route-04,seal-cove-auto,stivka,2,2026-09-03 00:13:03.603+00
route-04,seal-cove-auto,viki,3,2026-09-03 00:12:54.956+00
route-04,see-science,gora,4,2026-09-03 00:30:40.095+00
route-04,see-science,sheluvspaco,5,2026-09-03 00:30:38.562+00
route-04,see-science,stivka,4,2026-09-03 00:30:40.695+00
route-04,see-science,viki,5,2026-09-03 00:30:39.18+00
route-04,sk-tours-derry,gora,1,2026-09-03 00:10:44.886+00
route-04,sk-tours-derry,sheluvspaco,3,2026-09-03 00:10:48.053+00
route-04,sk-tours-derry,stivka,1,2026-09-03 00:10:47.036+00
route-04,sk-tours-derry,viki,1,2026-09-03 00:10:42.52+00
route-04,skowhegan-falls-langlais,gora,2,2026-09-03 00:13:50.087+00
route-04,skowhegan-falls-langlais,sheluvspaco,3,2026-09-03 00:13:47.137+00
route-04,skowhegan-falls-langlais,stivka,1,2026-09-03 00:13:52.504+00
route-04,skowhegan-falls-langlais,viki,1,2026-09-03 00:13:47.939+00
route-04,stephen-king-house,gora,3,2026-09-03 00:12:25.173+00
route-04,stephen-king-house,sheluvspaco,2,2026-09-03 00:12:17.403+00
route-04,stephen-king-house,stivka,1,2026-09-03 00:12:21.49+00
route-04,stephen-king-house,viki,3,2026-09-03 00:12:20.038+00
route-04,thomas-hill-standpipe,gora,1,2026-09-03 00:12:36.953+00
route-04,thomas-hill-standpipe,sheluvspaco,1,2026-09-03 00:12:33.969+00
route-04,thomas-hill-standpipe,stivka,1,2026-09-03 00:12:37.503+00
route-04,thomas-hill-standpipe,viki,1,2026-09-03 00:12:36.391+00
route-04,uss-albacore,gora,3,2026-09-02 23:48:05.362+00
route-04,uss-albacore,sheluvspaco,2,2026-09-02 23:47:46.278+00
route-04,uss-albacore,stivka,1,2026-09-02 23:48:06.862+00
route-04,uss-albacore,viki,1,2026-09-02 23:47:49.165+00
route-04,vins,gora,2,2026-09-03 00:27:05.177+00
route-04,vins,sheluvspaco,2,2026-09-03 00:27:07.594+00
route-04,vins,stivka,1,2026-09-03 00:27:04.563+00
route-04,vins,viki,3,2026-09-03 00:27:06.961+00
route-04,weeks-state-park,gora,2,2026-09-03 00:17:21.957+00
route-04,weeks-state-park,sheluvspaco,3,2026-09-03 00:17:20.571+00
route-04,weeks-state-park,stivka,1,2026-09-03 00:17:22.671+00
route-04,weeks-state-park,viki,4,2026-09-03 00:17:18.854+00
route-04,wife-carrying-championship,gora,1,2026-09-03 00:15:07.338+00
route-04,wife-carrying-championship,sheluvspaco,1,2026-09-03 00:15:03.454+00
route-04,wife-carrying-championship,stivka,1,2026-09-03 00:15:07.82+00
route-04,wife-carrying-championship,viki,1,2026-09-03 00:15:08.873+00
route-04,woodman-museum,gora,1,2026-09-02 23:47:14.478+00
route-04,woodman-museum,sheluvspaco,1,2026-09-02 23:47:12.478+00
route-04,woodman-museum,stivka,1,2026-09-02 23:47:15.428+00
route-04,woodman-museum,viki,1,2026-09-02 23:47:13.53+00
route-05,bearfence-scramble,gora,3,2026-09-03 00:37:44.081+00
route-05,bearfence-scramble,sheluvspaco,2,2026-09-03 00:37:46.464+00
route-05,bearfence-scramble,stivka,3,2026-09-03 00:37:52.281+00
route-05,bearfence-scramble,viki,4,2026-09-03 00:37:42.566+00
route-05,davinci-escape-room,gora,4,2026-09-03 00:41:24.117+00
route-05,davinci-escape-room,sheluvspaco,5,2026-09-03 00:41:19.195+00
route-05,davinci-escape-room,stivka,4,2026-09-03 00:41:24.812+00
route-05,davinci-escape-room,viki,1,2026-09-03 00:41:21.112+00
route-05,harrisburg-riverfront,gora,4,2026-09-03 00:42:52.712+00
route-05,harrisburg-riverfront,sheluvspaco,4,2026-09-03 00:42:51.613+00
route-05,harrisburg-riverfront,stivka,3,2026-09-03 00:42:54.462+00
route-05,harrisburg-riverfront,viki,1,2026-09-03 00:42:53.612+00
route-05,houdini-museum,gora,4,2026-09-03 00:33:57.53+00
route-05,houdini-museum,sheluvspaco,4,2026-09-03 00:33:53.532+00
route-05,houdini-museum,stivka,3,2026-09-03 00:33:58.696+00
route-05,houdini-museum,viki,3,2026-09-03 00:33:55.932+00
route-05,lancaster-troll-market,gora,4,2026-09-03 00:34:12.599+00
route-05,lancaster-troll-market,sheluvspaco,4,2026-09-03 00:34:09.763+00
route-05,lancaster-troll-market,stivka,3,2026-09-03 00:34:14.546+00
route-05,lancaster-troll-market,viki,3,2026-09-03 00:34:13.863+00
route-05,pa-capitol,gora,5,2026-09-03 00:36:21.714+00
route-05,pa-capitol,sheluvspaco,5,2026-09-03 00:36:19.163+00
route-05,pa-capitol,stivka,4,2026-09-03 00:36:24.28+00
route-05,pa-capitol,viki,5,2026-09-03 00:36:19.714+00
route-05,strasburg-rail-road,gora,3,2026-09-03 00:35:39.647+00
route-05,strasburg-rail-road,sheluvspaco,4,2026-09-03 00:35:22.596+00
route-05,strasburg-rail-road,stivka,2,2026-09-03 00:35:44.132+00
route-05,strasburg-rail-road,viki,4,2026-09-03 00:35:40.382+00
route-05,turkey-hill-experience,gora,4,2026-09-03 00:34:53.68+00
route-05,turkey-hill-experience,sheluvspaco,4,2026-09-03 00:34:50.28+00
route-05,turkey-hill-experience,stivka,3,2026-09-03 00:34:52.83+00
route-05,turkey-hill-experience,viki,5,2026-09-03 00:34:54.88+00
route-05,walkway-over-hudson,gora,4,2026-09-03 00:43:40.929+00
route-05,walkway-over-hudson,sheluvspaco,3,2026-09-03 00:43:34.566+00
route-05,walkway-over-hudson,stivka,3,2026-09-03 00:43:45.148+00
route-05,walkway-over-hudson,viki,2,2026-09-03 00:43:43.798+00
route-06,carrie-blast-furnaces,gora,4,2026-09-03 00:46:36.535+00
route-06,carrie-blast-furnaces,sheluvspaco,4,2026-09-03 00:46:34.331+00
route-06,carrie-blast-furnaces,stivka,1,2026-09-03 00:46:41.565+00
route-06,carrie-blast-furnaces,viki,1,2026-09-03 00:46:35.165+00
route-06,imaginarium-minds-eye,gora,3,2026-09-03 00:50:01.484+00
route-06,imaginarium-minds-eye,sheluvspaco,5,2026-09-03 00:49:55.434+00
route-06,imaginarium-minds-eye,stivka,4,2026-09-03 00:50:02.417+00
route-06,imaginarium-minds-eye,viki,5,2026-09-03 00:49:56.168+00
route-06,nationality-rooms,gora,3,2026-09-03 00:47:23.149+00
route-06,nationality-rooms,sheluvspaco,3,2026-09-03 00:47:22.099+00
route-06,nationality-rooms,stivka,3,2026-09-03 00:47:23.632+00
route-06,nationality-rooms,viki,3,2026-09-03 00:47:22.666+00
route-06,palace-of-gold,gora,4,2026-09-03 00:51:33.619+00
route-06,palace-of-gold,sheluvspaco,4,2026-09-03 00:51:35.937+00
route-06,palace-of-gold,stivka,1,2026-09-03 00:51:36.854+00
route-06,palace-of-gold,viki,4,2026-09-03 00:51:34.752+00
route-06,reading-pagoda,gora,1,2026-09-03 00:45:34.431+00
route-06,reading-pagoda,sheluvspaco,5,2026-09-03 00:45:11.467+00
route-06,reading-pagoda,stivka,3,2026-09-03 00:45:37.664+00
route-06,reading-pagoda,viki,4,2026-09-03 00:45:24.364+00
route-06,saint-anthony-chapel,gora,5,2026-09-03 00:47:40.899+00
route-06,saint-anthony-chapel,sheluvspaco,5,2026-09-03 00:47:43.265+00
route-06,saint-anthony-chapel,stivka,5,2026-09-03 00:47:42.133+00
route-06,saint-anthony-chapel,viki,1,2026-09-03 00:47:37.369+00
route-06,tala-ghost-hunt,gora,5,2026-09-03 00:57:46.786+00
route-06,tala-ghost-hunt,sheluvspaco,5,2026-09-03 00:57:45.153+00
route-06,tala-ghost-hunt,stivka,1,2026-09-03 00:57:47.889+00
route-06,tala-ghost-hunt,viki,5,2026-09-03 00:57:45.753+00
route-06,tala-hysteria,gora,5,2026-09-03 00:57:27.059+00
route-06,tala-hysteria,sheluvspaco,5,2026-09-03 00:57:21.373+00
route-06,tala-hysteria,stivka,3,2026-09-03 00:57:24.258+00
route-06,tala-hysteria,viki,5,2026-09-03 00:57:28.424+00
route-06,tala-paranormal,gora,5,2026-09-03 00:57:37.262+00
route-06,tala-paranormal,sheluvspaco,5,2026-09-03 00:57:35.179+00
route-06,tala-paranormal,stivka,3,2026-09-03 00:57:38.265+00
route-06,tala-paranormal,viki,5,2026-09-03 00:57:36.346+00
route-06,trans-allegheny,gora,5,2026-09-03 00:55:34.623+00
route-06,trans-allegheny,sheluvspaco,5,2026-09-03 00:55:27.557+00
route-06,trans-allegheny,stivka,3,2026-09-03 00:55:35.954+00
route-06,trans-allegheny,viki,5,2026-09-03 00:55:28.755+00
route-07,boxing-hof,gora,5,2026-09-03 01:02:32.246+00
route-07,boxing-hof,sheluvspaco,4,2026-09-03 01:02:29.331+00
route-07,boxing-hof,stivka,4,2026-09-03 01:02:33.129+00
route-07,boxing-hof,viki,3,2026-09-03 01:02:31.262+00
route-07,cohoes-falls,gora,1,2026-09-03 01:01:31.864+00
route-07,cohoes-falls,sheluvspaco,2,2026-09-03 01:01:25.596+00
route-07,cohoes-falls,stivka,1,2026-09-03 01:01:32.895+00
route-07,cohoes-falls,viki,1,2026-09-03 01:01:27.114+00
route-07,f1-arcade-boston,gora,4,2026-09-03 01:04:56.417+00
route-07,f1-arcade-boston,sheluvspaco,4,2026-09-03 01:04:54.033+00
route-07,f1-arcade-boston,stivka,4,2026-09-03 01:04:58.316+00
route-07,f1-arcade-boston,viki,5,2026-09-03 01:04:57.298+00
route-07,hershey-candy-bar,gora,5,2026-09-03 01:03:42.099+00
route-07,hershey-candy-bar,sheluvspaco,5,2026-09-03 01:03:37.03+00
route-07,hershey-candy-bar,stivka,5,2026-09-03 01:03:43.015+00
route-07,hershey-candy-bar,viki,5,2026-09-03 01:03:40.316+00
route-07,trinity-boston,gora,5,2026-09-03 01:05:19.418+00
route-07,trinity-boston,sheluvspaco,5,2026-09-03 01:05:17.001+00
route-07,trinity-boston,stivka,5,2026-09-03 01:05:20.265+00
route-07,trinity-boston,viki,1,2026-09-03 01:05:18.033+00
route-07,uncle-sam-danbury,gora,1,2026-09-03 01:03:59.966+00
route-07,uncle-sam-danbury,sheluvspaco,3,2026-09-03 01:04:05.249+00
route-07,uncle-sam-danbury,stivka,5,2026-09-03 01:04:09.097+00
route-07,uncle-sam-danbury,viki,1,2026-09-03 01:04:07.917+00
route-07,westville-grand-trunk,stivka,1,2026-09-03 01:05:42.799+00
route-08,american-tobacco-campus,gora,5,2026-09-03 01:18:18.974+00
route-08,american-tobacco-campus,sheluvspaco,5,2026-09-03 01:18:17.39+00
route-08,american-tobacco-campus,stivka,5,2026-09-03 01:18:19.457+00
route-08,american-tobacco-campus,viki,2,2026-09-03 01:18:18.143+00
route-08,big-snow-american-dream,gora,5,2026-09-03 01:21:52.792+00
route-08,big-snow-american-dream,sheluvspaco,5,2026-09-03 01:21:40.909+00
route-08,big-snow-american-dream,stivka,5,2026-09-03 01:21:58.145+00
route-08,big-snow-american-dream,viki,1,2026-09-03 01:21:55.608+00
route-08,boston-public-library,sheluvspaco,2,2026-09-03 01:24:07.876+00
route-08,captured-lv-mayan,gora,2,2026-09-03 01:08:46.452+00
route-08,captured-lv-mayan,sheluvspaco,3,2026-09-03 01:08:50.237+00
route-08,captured-lv-mayan,stivka,1,2026-09-03 01:08:51.304+00
route-08,captured-lv-mayan,viki,1,2026-09-03 01:08:48.037+00
route-08,crane-manor,gora,4,2026-09-03 01:12:31.409+00
route-08,crane-manor,sheluvspaco,5,2026-09-03 01:12:29.772+00
route-08,crane-manor,stivka,4,2026-09-03 01:12:32.191+00
route-08,crane-manor,viki,4,2026-09-03 01:12:30.705+00
route-08,duke-lemur-bts,gora,1,2026-09-03 01:16:53.127+00
route-08,duke-lemur-bts,sheluvspaco,1,2026-09-03 01:16:50.641+00
route-08,duke-lemur-bts,stivka,1,2026-09-03 01:16:53.841+00
route-08,duke-lemur-bts,viki,5,2026-09-03 01:16:52.126+00
route-08,fish-church-stamford,gora,5,2026-09-03 01:22:33.595+00
route-08,fish-church-stamford,sheluvspaco,4,2026-09-03 01:22:32.278+00
route-08,fish-church-stamford,stivka,3,2026-09-03 01:22:36.575+00
route-08,fish-church-stamford,viki,1,2026-09-03 01:22:34.594+00
route-08,gardner-museum,sheluvspaco,2,2026-09-03 01:23:41.443+00
route-08,gnome-raven-magic-lamp,sheluvspaco,5,2026-09-03 01:20:59.191+00
route-08,hotel-greene,gora,5,2026-09-03 01:17:25.274+00
route-08,hotel-greene,sheluvspaco,5,2026-09-03 01:17:24.023+00
route-08,hotel-greene,stivka,5,2026-09-03 01:17:25.873+00
route-08,hotel-greene,viki,5,2026-09-03 01:17:24.659+00
route-08,kunta-kinte-haley-memorial,gora,2,2026-09-03 01:20:26.895+00
route-08,kunta-kinte-haley-memorial,sheluvspaco,5,2026-09-03 01:20:23.192+00
route-08,kunta-kinte-haley-memorial,stivka,4,2026-09-03 01:20:29.225+00
route-08,kunta-kinte-haley-memorial,viki,2,2026-09-03 01:20:24.993+00
route-08,lakota-wolf-preserve,gora,5,2026-09-03 01:09:40.119+00
route-08,lakota-wolf-preserve,sheluvspaco,4,2026-09-03 01:09:38.955+00
route-08,lakota-wolf-preserve,stivka,3,2026-09-03 01:09:43.419+00
route-08,lakota-wolf-preserve,viki,4,2026-09-03 01:09:39.503+00
route-08,mt-tammany,gora,2,2026-09-03 01:07:57.202+00
route-08,mt-tammany,sheluvspaco,2,2026-09-03 01:07:55.537+00
route-08,mt-tammany,stivka,2,2026-09-03 01:07:58.351+00
route-08,mt-tammany,viki,4,2026-09-03 01:07:56.267+00
route-08,ragged-mountain,gora,3,2026-09-03 01:06:51.017+00
route-08,ragged-mountain,sheluvspaco,3,2026-09-03 01:06:49.438+00
route-08,ragged-mountain,stivka,2,2026-09-03 01:06:54.883+00
route-08,ragged-mountain,viki,3,2026-09-03 01:06:53.635+00
route-08,reading-pagoda-overlook,gora,3,2026-09-03 01:10:09.588+00
route-08,reading-pagoda-overlook,sheluvspaco,5,2026-09-03 01:10:04.686+00
route-08,reading-pagoda-overlook,stivka,3,2026-09-03 01:10:10.702+00
route-08,reading-pagoda-overlook,viki,4,2026-09-03 01:10:08.505+00
route-08,richmond-orthodox,gora,5,2026-09-03 01:19:37.242+00
route-08,richmond-orthodox,sheluvspaco,3,2026-09-03 01:19:46.31+00
route-08,richmond-orthodox,stivka,4,2026-09-03 01:19:49.008+00
route-08,richmond-orthodox,viki,1,2026-09-03 01:19:43.758+00
route-08,texas-tavern-roanoke,gora,5,2026-09-03 01:14:20.177+00
route-08,texas-tavern-roanoke,sheluvspaco,4,2026-09-03 01:14:21.094+00
route-08,texas-tavern-roanoke,stivka,5,2026-09-03 01:14:26.057+00
route-08,texas-tavern-roanoke,viki,3,2026-09-03 01:16:25.231+00
route-09,gamegrounds-columbus,gora,4,2026-09-03 01:28:47.414+00
route-09,gamegrounds-columbus,sheluvspaco,3,2026-09-03 01:28:44.895+00
route-09,gamegrounds-columbus,stivka,2,2026-09-03 01:28:50.563+00
route-09,otherworld,sheluvspaco,3,2026-09-03 01:28:39.831+00
route-09,puzzle-theory-spectral,sheluvspaco,3,2026-09-03 01:31:13.916+00
route-09,rail-explorers-express,gora,5,2026-09-03 01:25:16.278+00
route-09,rail-explorers-express,sheluvspaco,1,2026-09-03 01:25:15.379+00
route-09,rail-explorers-express,stivka,1,2026-09-03 01:25:22.431+00
route-09,rail-explorers-express,viki,1,2026-09-03 01:25:21.463+00
route-09,skirmish-paintball,gora,5,2026-09-03 01:29:58.997+00
route-09,skirmish-paintball,sheluvspaco,4,2026-09-03 01:30:04.498+00
route-09,skirmish-paintball,stivka,3,2026-09-03 01:30:08.464+00
route-09,skirmish-paintball,viki,3,2026-09-03 01:30:06.897+00
route-09,spiral-house-park,sheluvspaco,3,2026-09-03 01:26:21.16+00
route-09,worlds-largest-kaleidoscope,gora,1,2026-09-03 01:25:55.963+00
route-09,worlds-largest-kaleidoscope,sheluvspaco,1,2026-09-03 01:25:54.979+00
route-09,worlds-largest-kaleidoscope,stivka,1,2026-09-03 01:26:00.26+00
route-09,worlds-largest-kaleidoscope,viki,1,2026-09-03 01:25:58.964+00